{"mo-lunar-lander-v3": {"main_reward": [129.6291112337883, 88.05712212782186, 94.14437665567505, 152.57312249374831, 89.13806649842456, 77.40496440798064, 131.1242615808012, 86.60313558728575, -313.2329673815984, 96.1752510890272], "weighted_reward": [90.3499998562038, 89.99999985098839, 89.29999984055758, 91.6499998755753, 89.69999984651804, 89.79999984800816, 89.59999984502792, 89.94999985024333, -26.450000394135714, 89.94999985024333], "metric_1": [100.0, 100.0, 100.0, 100.0, 100.0, 100.0, 100.0, 100.0, 0.0, 100.0], "metric_2": [222.62910888361216, 188.0571178756931, 208.1443806573103, 219.57311898243074, 195.13806371200656, 181.4049606903451, 239.12425895830825, 187.60313246559707, 215.76703291913145, 197.17524793714375], "metric_3": [-120.0, -117.0, -126.0, -115.0, -121.0, -121.0, -117.0, -120.0, -122.0, -121.0], "metric_4": [-73.0, -83.0, -88.0, -52.0, -85.0, -83.0, -91.0, -81.0, -407.0, -80.0]}}