{"mo-highway-v0": {"main_reward": [34.00438574515283, 41.89121222496033, 1.9878215193748474, 28.75268355756998, 15.55897080898285, 47.410705268383026, 45.59702181816101, 39.80865874886513, 41.650336265563965, 32.41137394309044], "weighted_reward": [43.002192738465965, 51.945605874061584, 2.4939107298851013, 28.043008271604776, 15.946152091026306, 62.03868591785431, 62.79851007461548, 44.237662598490715, 51.49183452129364, 41.53902018070221], "metric_1": [8.004385580459598, 10.89121176238578, 0.987821489572525, 15.086016506916135, 7.892304301261902, 9.077372088392735, 5.597021343437518, 15.475325248514737, 10.983669183265683, 7.078040156079375], "metric_2": [26.0000002682209, 31.000000536441803, 2.0000000298023224, 13.666667073965073, 8.666666686534882, 38.33333343267441, 40.0, 24.33333346247673, 30.666667222976685, 25.3333338201046], "metric_3": [0.0, 0.0, -1.0, 0.0, -1.0, 0.0, 0.0, 0.0, 0.0, 0.0]}}